file_id,age
image_0.jpg,64.15614318847656
image_1.jpg,44.65453338623047
image_10.jpg,29.650758743286133
image_100.jpg,61.238765716552734
image_1000.jpg,21.316043853759766
image_1001.jpg,26.14186668395996
image_1002.jpg,75.79464721679688
image_1003.jpg,40.049346923828125
image_1004.jpg,46.36421585083008
image_1005.jpg,74.40735626220703
image_1006.jpg,50.940433502197266
image_1007.jpg,66.51847839355469
image_1008.jpg,73.32292938232422
image_1009.jpg,30.620258331298828
image_101.jpg,54.71620559692383
image_1010.jpg,48.79315948486328
image_1011.jpg,14.150141716003418
image_1012.jpg,78.87867736816406
image_1013.jpg,69.0539321899414
image_1014.jpg,56.409027099609375
image_1015.jpg,27.7954158782959
image_1016.jpg,59.05190658569336
image_1017.jpg,43.09519958496094
image_1018.jpg,26.27031135559082
image_1019.jpg,38.425479888916016
image_102.jpg,31.713504791259766
image_1020.jpg,33.68345260620117
image_1021.jpg,9.265170097351074
image_1022.jpg,2.755791187286377
image_1023.jpg,27.466983795166016
image_1024.jpg,32.5913200378418
image_1025.jpg,56.728363037109375
image_1026.jpg,10.580182075500488
image_1027.jpg,4.305917263031006
image_1028.jpg,25.053346633911133
image_1029.jpg,22.528444290161133
image_103.jpg,29.331750869750977
image_1030.jpg,61.45237731933594
image_1031.jpg,2.0585567951202393
image_1032.jpg,45.26262664794922
image_1033.jpg,30.1279296875
image_1034.jpg,29.06205940246582
image_1035.jpg,45.706298828125
image_1036.jpg,62.12338638305664
image_1037.jpg,21.09583282470703
image_1038.jpg,40.166561126708984
image_1039.jpg,20.35781478881836
image_104.jpg,26.11231803894043
image_1040.jpg,25.548255920410156
image_1041.jpg,43.01011276245117
image_1042.jpg,33.34580612182617
image_1043.jpg,50.5068473815918
image_1044.jpg,38.16476821899414
image_1045.jpg,41.31878662109375
image_1046.jpg,26.035593032836914
image_1047.jpg,36.56534957885742
image_1048.jpg,56.5653076171875
image_1049.jpg,1.088802456855774
image_105.jpg,26.662302017211914
image_1050.jpg,51.55013656616211
image_1051.jpg,66.44556427001953
image_1052.jpg,23.64789581298828
image_1053.jpg,69.33993530273438
image_1054.jpg,71.6543960571289
image_1055.jpg,69.50653076171875
image_1056.jpg,30.337583541870117
image_1057.jpg,21.890869140625
image_1058.jpg,34.81586456298828
image_1059.jpg,7.245623588562012
image_106.jpg,57.95298385620117
image_1060.jpg,63.1959114074707
image_1061.jpg,36.391258239746094
image_1062.jpg,40.97219467163086
image_1063.jpg,69.31400299072266
image_1064.jpg,17.546031951904297
image_1065.jpg,60.8669548034668
image_1066.jpg,24.926362991333008
image_1067.jpg,63.391441345214844
image_1068.jpg,65.12059783935547
image_1069.jpg,47.937171936035156
image_107.jpg,34.08382034301758
image_1070.jpg,80.30122375488281
image_1071.jpg,59.29552459716797
image_1072.jpg,16.10364532470703
image_1073.jpg,1.0380847454071045
image_1074.jpg,32.607112884521484
image_1075.jpg,57.24494171142578
image_1076.jpg,51.19953918457031
image_1077.jpg,17.955503463745117
image_1078.jpg,24.397336959838867
image_1079.jpg,71.94290161132812
image_108.jpg,27.477428436279297
image_1080.jpg,21.869306564331055
image_1081.jpg,28.2740535736084
image_1082.jpg,13.539045333862305
image_1083.jpg,27.581960678100586
image_1084.jpg,57.49562072753906
image_1085.jpg,42.97275161743164
image_1086.jpg,47.59739685058594
image_1087.jpg,71.23233795166016
image_1088.jpg,59.32933044433594
image_1089.jpg,30.669157028198242
image_109.jpg,18.828676223754883
image_1090.jpg,28.15645408630371
image_1091.jpg,32.32950973510742
image_1092.jpg,38.52322006225586
image_1093.jpg,43.29589080810547
image_1094.jpg,48.37841033935547
image_1095.jpg,46.2117919921875
image_1096.jpg,10.251025199890137
image_1097.jpg,24.853618621826172
image_1098.jpg,12.166821479797363
image_1099.jpg,47.27891159057617
image_11.jpg,32.123783111572266
image_110.jpg,6.739328861236572
image_1100.jpg,61.44280242919922
image_1101.jpg,1.0931388139724731
image_1102.jpg,53.92534637451172
image_1103.jpg,31.01653480529785
image_1104.jpg,33.755470275878906
image_1105.jpg,27.01344871520996
image_1106.jpg,33.76380920410156
image_1107.jpg,15.628312110900879
image_1108.jpg,56.92642593383789
image_1109.jpg,29.191434860229492
image_111.jpg,13.92152214050293
image_1110.jpg,41.39576721191406
image_1111.jpg,61.32081604003906
image_1112.jpg,59.85498809814453
image_1113.jpg,45.44368362426758
image_1114.jpg,25.519609451293945
image_1115.jpg,43.3348274230957
image_1116.jpg,57.06682205200195
image_1117.jpg,25.700481414794922
image_1118.jpg,26.660350799560547
image_1119.jpg,20.595972061157227
image_112.jpg,25.89862060546875
image_1120.jpg,51.450443267822266
image_1121.jpg,33.94230270385742
image_1122.jpg,58.3234977722168
image_1123.jpg,79.34488677978516
image_1124.jpg,17.409196853637695
image_1125.jpg,48.631988525390625
image_1126.jpg,60.00150680541992
image_1127.jpg,68.36101531982422
image_1128.jpg,40.823020935058594
image_1129.jpg,60.01910400390625
image_113.jpg,18.918930053710938
image_1130.jpg,48.76071548461914
image_1131.jpg,21.736356735229492
image_1132.jpg,52.691532135009766
image_1133.jpg,5.010563373565674
image_1134.jpg,48.2014274597168
image_1135.jpg,32.215702056884766
image_1136.jpg,84.96758270263672
image_1137.jpg,24.77724838256836
image_1138.jpg,41.429447174072266
image_1139.jpg,32.79011917114258
image_114.jpg,32.528350830078125
image_1140.jpg,18.843610763549805
image_1141.jpg,39.72994613647461
image_1142.jpg,29.27617073059082
image_1143.jpg,64.2406234741211
image_1144.jpg,61.13725662231445
image_1145.jpg,43.86421203613281
image_1146.jpg,27.027393341064453
image_1147.jpg,17.28783416748047
image_1148.jpg,51.02138137817383
image_1149.jpg,63.95859146118164
image_115.jpg,23.90089225769043
image_1150.jpg,44.120182037353516
image_1151.jpg,24.880970001220703
image_1152.jpg,50.88283157348633
image_1153.jpg,30.2402400970459
image_1154.jpg,27.638837814331055
image_1155.jpg,2.8478996753692627
image_1156.jpg,10.74908447265625
image_1157.jpg,40.28172302246094
image_1158.jpg,25.94482421875
image_1159.jpg,1.12628173828125
image_116.jpg,12.289897918701172
image_1160.jpg,29.8553409576416
image_1161.jpg,26.66930389404297
image_1162.jpg,7.648025989532471
image_1163.jpg,90.62030029296875
image_1164.jpg,52.91241455078125
image_1165.jpg,58.422447204589844
image_1166.jpg,59.742794036865234
image_1167.jpg,26.971721649169922
image_1168.jpg,15.16662883758545
image_1169.jpg,8.913069725036621
image_117.jpg,11.77488899230957
image_1170.jpg,5.310851573944092
image_1171.jpg,2.364213228225708
image_1172.jpg,44.80032730102539
image_1173.jpg,65.56742095947266
image_1174.jpg,57.64432907104492
image_1175.jpg,14.814422607421875
image_1176.jpg,82.73532104492188
image_1177.jpg,45.332679748535156
image_1178.jpg,6.227235794067383
image_1179.jpg,40.61395263671875
image_118.jpg,66.40052032470703
image_1180.jpg,40.10181427001953
image_1181.jpg,36.242183685302734
image_1182.jpg,35.335025787353516
image_1183.jpg,64.19131469726562
image_1184.jpg,32.00745391845703
image_1185.jpg,37.79823684692383
image_1186.jpg,35.85576629638672
image_1187.jpg,8.003138542175293
image_1188.jpg,15.785235404968262
image_1189.jpg,12.678201675415039
image_119.jpg,54.10700607299805
image_1190.jpg,62.49021530151367
image_1191.jpg,11.167022705078125
image_1192.jpg,50.235774993896484
image_1193.jpg,64.42872619628906
image_1194.jpg,26.02069091796875
image_1195.jpg,27.068262100219727
image_1196.jpg,8.60616683959961
image_1197.jpg,16.922609329223633
image_1198.jpg,17.044952392578125
image_1199.jpg,58.91183853149414
image_12.jpg,52.70718002319336
image_120.jpg,39.192909240722656
image_1200.jpg,74.46099090576172
image_1201.jpg,41.335365295410156
image_1202.jpg,30.45045280456543
image_1203.jpg,46.175628662109375
image_1204.jpg,32.80891799926758
image_1205.jpg,1.9931745529174805
image_1206.jpg,57.33424758911133
image_1207.jpg,51.15623092651367
image_1208.jpg,47.26679992675781
image_1209.jpg,27.6101016998291
image_121.jpg,26.57253646850586
image_1210.jpg,24.31174659729004
image_1211.jpg,64.68932342529297
image_1212.jpg,55.94456481933594
image_1213.jpg,56.478477478027344
image_1214.jpg,41.27814865112305
image_1215.jpg,56.489749908447266
image_1216.jpg,9.816779136657715
image_1217.jpg,1.0677202939987183
image_1218.jpg,56.31688690185547
image_1219.jpg,50.49959945678711
image_122.jpg,25.578134536743164
image_1220.jpg,23.03145980834961
image_1221.jpg,60.70240783691406
image_1222.jpg,61.597564697265625
image_1223.jpg,79.74138641357422
image_1224.jpg,1.0561091899871826
image_1225.jpg,75.6029052734375
image_1226.jpg,24.5240421295166
image_1227.jpg,49.22856140136719
image_1228.jpg,69.26258850097656
image_1229.jpg,19.949209213256836
image_123.jpg,15.673239707946777
image_1230.jpg,10.366659164428711
image_1231.jpg,53.925716400146484
image_1232.jpg,35.61494064331055
image_1233.jpg,22.468875885009766
image_1234.jpg,33.673763275146484
image_1235.jpg,48.068992614746094
image_1236.jpg,47.3677978515625
image_1237.jpg,13.452498435974121
image_1238.jpg,7.943976402282715
image_1239.jpg,25.570655822753906
image_124.jpg,27.77077865600586
image_1240.jpg,27.76685333251953
image_1241.jpg,31.448347091674805
image_1242.jpg,72.11249542236328
image_1243.jpg,59.79204559326172
image_1244.jpg,24.137939453125
image_1245.jpg,13.486083030700684
image_1246.jpg,28.034082412719727
image_1247.jpg,40.10326385498047
image_1248.jpg,44.41311264038086
image_1249.jpg,46.152496337890625
image_125.jpg,66.13764953613281
image_1250.jpg,6.34393310546875
image_1251.jpg,51.92574691772461
image_1252.jpg,38.12833786010742
image_1253.jpg,57.68590545654297
image_1254.jpg,35.30277633666992
image_1255.jpg,8.190549850463867
image_1256.jpg,53.88699722290039
image_1257.jpg,68.08138275146484
image_1258.jpg,47.32002258300781
image_1259.jpg,49.29600524902344
image_126.jpg,10.226815223693848
image_1260.jpg,51.09059524536133
image_1261.jpg,61.00112533569336
image_1262.jpg,3.451690196990967
image_1263.jpg,28.458044052124023
image_1264.jpg,26.372203826904297
image_1265.jpg,30.279865264892578
image_1266.jpg,10.002798080444336
image_1267.jpg,49.5348014831543
image_1268.jpg,58.03201675415039
image_1269.jpg,41.22227096557617
image_127.jpg,27.708932876586914
image_1270.jpg,33.33443832397461
image_1271.jpg,49.71841049194336
image_1272.jpg,58.5150032043457
image_1273.jpg,48.95989227294922
image_1274.jpg,37.45587921142578
image_1275.jpg,35.985843658447266
image_1276.jpg,40.195640563964844
image_1277.jpg,36.098854064941406
image_1278.jpg,29.77507972717285
image_1279.jpg,27.459148406982422
image_128.jpg,10.975163459777832
image_1280.jpg,49.13679885864258
image_1281.jpg,84.45439147949219
image_1282.jpg,58.788780212402344
image_1283.jpg,56.43251419067383
image_1284.jpg,30.02820587158203
image_1285.jpg,77.48023223876953
image_1286.jpg,17.314836502075195
image_1287.jpg,15.893180847167969
image_1288.jpg,52.56553268432617
image_1289.jpg,60.18821716308594
image_129.jpg,39.01477813720703
image_1290.jpg,29.286819458007812
image_1291.jpg,52.22145462036133
image_1292.jpg,34.4434814453125
image_1293.jpg,24.746381759643555
image_1294.jpg,61.32315444946289
image_1295.jpg,51.623409271240234
image_1296.jpg,62.13200759887695
image_1297.jpg,25.546707153320312
image_1298.jpg,31.363433837890625
image_1299.jpg,48.42064666748047
image_13.jpg,60.26217269897461
image_130.jpg,21.961130142211914
image_1300.jpg,65.23580932617188
image_1301.jpg,20.220291137695312
image_1302.jpg,19.662235260009766
image_1303.jpg,43.05987548828125
image_1304.jpg,52.433467864990234
image_1305.jpg,52.3620491027832
image_1306.jpg,32.614681243896484
image_1307.jpg,1.9211649894714355
image_1308.jpg,52.60824966430664
image_1309.jpg,48.759071350097656
image_131.jpg,51.30418395996094
image_1310.jpg,60.374122619628906
image_1311.jpg,40.15229797363281
image_1312.jpg,33.886131286621094
image_1313.jpg,61.873374938964844
image_1314.jpg,29.14459991455078
image_1315.jpg,35.540672302246094
image_1316.jpg,38.319366455078125
image_1317.jpg,43.0985221862793
image_1318.jpg,8.137929916381836
image_1319.jpg,33.86482620239258
image_132.jpg,54.053985595703125
image_1320.jpg,54.686370849609375
image_1321.jpg,62.318206787109375
image_1322.jpg,31.36260414123535
image_1323.jpg,14.205741882324219
image_1324.jpg,42.12908172607422
image_1325.jpg,10.07840633392334
image_1326.jpg,17.262365341186523
image_1327.jpg,58.4930305480957
image_1328.jpg,8.890271186828613
image_1329.jpg,28.562925338745117
image_133.jpg,45.80469512939453
image_1330.jpg,71.41417694091797
image_1331.jpg,32.41714859008789
image_1332.jpg,47.2413444519043
image_1333.jpg,69.61734008789062
image_1334.jpg,39.93144226074219
image_1335.jpg,54.34189987182617
image_1336.jpg,46.71604919433594
image_1337.jpg,52.95166015625
image_1338.jpg,26.882205963134766
image_1339.jpg,3.4241995811462402
image_134.jpg,26.304182052612305
image_1340.jpg,25.56920623779297
image_1341.jpg,53.750755310058594
image_1342.jpg,25.368934631347656
image_1343.jpg,44.14432144165039
image_1344.jpg,2.593315601348877
image_1345.jpg,54.59382629394531
image_1346.jpg,46.34145736694336
image_1347.jpg,27.652118682861328
image_1348.jpg,48.01218032836914
image_1349.jpg,46.56521224975586
image_135.jpg,11.557809829711914
image_1350.jpg,67.0434799194336
image_1351.jpg,32.227699279785156
image_1352.jpg,57.366973876953125
image_1353.jpg,30.57482147216797
image_1354.jpg,44.202659606933594
image_1355.jpg,37.36017990112305
image_1356.jpg,1.085850715637207
image_1357.jpg,26.635713577270508
image_1358.jpg,26.332563400268555
image_1359.jpg,2.3825197219848633
image_136.jpg,24.913087844848633
image_1360.jpg,23.23141860961914
image_1361.jpg,30.870601654052734
image_1362.jpg,46.57395553588867
image_1363.jpg,28.654638290405273
image_1364.jpg,53.348323822021484
image_1365.jpg,52.4557991027832
image_1366.jpg,42.36375045776367
image_1367.jpg,40.9844856262207
image_1368.jpg,75.26490783691406
image_1369.jpg,30.469070434570312
image_137.jpg,29.73773956298828
image_1370.jpg,25.687524795532227
image_1371.jpg,43.19873809814453
image_1372.jpg,37.98609924316406
image_1373.jpg,45.90574264526367
image_1374.jpg,23.49853515625
image_1375.jpg,49.36716079711914
image_1376.jpg,11.591896057128906
image_1377.jpg,5.787150859832764
image_1378.jpg,53.6852912902832
image_1379.jpg,2.607530355453491
image_138.jpg,30.775203704833984
image_1380.jpg,63.442291259765625
image_1381.jpg,5.537860870361328
image_1382.jpg,73.89248657226562
image_1383.jpg,64.5286865234375
image_1384.jpg,64.8170394897461
image_1385.jpg,60.88948059082031
image_1386.jpg,82.8089599609375
image_1387.jpg,5.282450199127197
image_1388.jpg,35.98036575317383
image_1389.jpg,41.16189193725586
image_139.jpg,16.709701538085938
image_1390.jpg,30.592496871948242
image_1391.jpg,20.55004119873047
image_1392.jpg,34.80508804321289
image_1393.jpg,8.988739967346191
image_1394.jpg,1.0598125457763672
image_1395.jpg,10.74158000946045
image_1396.jpg,48.9719352722168
image_1397.jpg,30.25990104675293
image_1398.jpg,57.924468994140625
image_1399.jpg,14.167932510375977
image_14.jpg,44.55245590209961
image_140.jpg,7.0994873046875
image_1400.jpg,70.08721160888672
image_1401.jpg,47.26509094238281
image_1402.jpg,68.78807830810547
image_1403.jpg,27.262483596801758
image_1404.jpg,31.458560943603516
image_1405.jpg,17.725330352783203
image_1406.jpg,61.97219467163086
image_1407.jpg,31.56293296813965
image_1408.jpg,47.50044250488281
image_1409.jpg,3.611588954925537
image_141.jpg,56.06122589111328
image_1410.jpg,6.962065696716309
image_1411.jpg,2.903937816619873
image_1412.jpg,49.31088638305664
image_1413.jpg,13.978710174560547
image_1414.jpg,46.27530288696289
image_1415.jpg,14.92031192779541
image_1416.jpg,35.381439208984375
image_1417.jpg,50.97012710571289
image_1418.jpg,34.72427749633789
image_1419.jpg,15.507389068603516
image_142.jpg,1.0424580574035645
image_1420.jpg,35.656097412109375
image_1421.jpg,49.8287353515625
image_1422.jpg,70.10365295410156
image_1423.jpg,29.827041625976562
image_1424.jpg,34.856170654296875
image_1425.jpg,4.11513614654541
image_1426.jpg,13.7555570602417
image_1427.jpg,36.99124526977539
image_1428.jpg,9.94788932800293
image_1429.jpg,9.37120246887207
image_143.jpg,17.298320770263672
image_1430.jpg,25.00928497314453
image_1431.jpg,7.341142654418945
image_1432.jpg,8.736871719360352
image_1433.jpg,32.0159912109375
image_1434.jpg,13.552997589111328
image_1435.jpg,42.88304901123047
image_1436.jpg,45.91748046875
image_1437.jpg,55.18204879760742
image_1438.jpg,34.310813903808594
image_1439.jpg,35.78533935546875
image_144.jpg,12.396968841552734
image_1440.jpg,42.16368865966797
image_1441.jpg,47.39199447631836
image_1442.jpg,6.605896949768066
image_1443.jpg,32.62776565551758
image_1444.jpg,1.0135066509246826
image_1445.jpg,31.141712188720703
image_1446.jpg,62.29677200317383
image_1447.jpg,5.36084508895874
image_1448.jpg,53.014984130859375
image_1449.jpg,26.1232852935791
image_145.jpg,10.557291984558105
image_1450.jpg,1.4134745597839355
image_1451.jpg,25.0794620513916
image_1452.jpg,37.42930221557617
image_1453.jpg,40.32818603515625
image_1454.jpg,23.89206314086914
image_1455.jpg,72.68238067626953
image_1456.jpg,37.10085678100586
image_1457.jpg,73.38165283203125
image_1458.jpg,20.160869598388672
image_1459.jpg,49.784339904785156
image_146.jpg,58.36024856567383
image_1460.jpg,39.87582778930664
image_1461.jpg,64.79881286621094
image_1462.jpg,40.89324188232422
image_1463.jpg,4.779105186462402
image_1464.jpg,27.271209716796875
image_1465.jpg,75.37283325195312
image_1466.jpg,12.971210479736328
image_1467.jpg,33.20438766479492
image_1468.jpg,36.43467330932617
image_1469.jpg,24.856773376464844
image_147.jpg,22.802265167236328
image_1470.jpg,33.55893325805664
image_1471.jpg,38.6219596862793
image_1472.jpg,63.300193786621094
image_1473.jpg,26.242202758789062
image_1474.jpg,26.228967666625977
image_1475.jpg,71.70500183105469
image_1476.jpg,77.16824340820312
image_1477.jpg,63.464969635009766
image_1478.jpg,52.70515823364258
image_1479.jpg,33.402530670166016
image_148.jpg,41.093597412109375
image_1480.jpg,41.035648345947266
image_1481.jpg,12.985930442810059
image_1482.jpg,13.610475540161133
image_1483.jpg,44.27672576904297
image_1484.jpg,38.5998649597168
image_1485.jpg,80.88119506835938
image_1486.jpg,47.67840576171875
image_1487.jpg,24.77188491821289
image_1488.jpg,58.11912536621094
image_1489.jpg,18.763843536376953
image_149.jpg,52.56248474121094
image_1490.jpg,17.29151725769043
image_1491.jpg,26.32890510559082
image_1492.jpg,34.57109451293945
image_1493.jpg,17.290006637573242
image_1494.jpg,47.24727249145508
image_1495.jpg,73.3546142578125
image_1496.jpg,21.03729820251465
image_1497.jpg,60.064056396484375
image_1498.jpg,35.711082458496094
image_1499.jpg,27.363445281982422
image_15.jpg,38.209285736083984
image_150.jpg,6.919809341430664
image_1500.jpg,42.544437408447266
image_1501.jpg,45.735565185546875
image_1502.jpg,41.42152404785156
image_1503.jpg,9.27458381652832
image_1504.jpg,59.50114440917969
image_1505.jpg,65.87313842773438
image_1506.jpg,70.4725341796875
image_1507.jpg,52.56123733520508
image_1508.jpg,54.11767578125
image_1509.jpg,64.82229614257812
image_151.jpg,63.65349578857422
image_1510.jpg,40.719154357910156
image_1511.jpg,76.5265121459961
image_1512.jpg,38.078739166259766
image_1513.jpg,35.98639678955078
image_1514.jpg,33.686553955078125
image_1515.jpg,36.95712661743164
image_1516.jpg,60.20204162597656
image_1517.jpg,28.529375076293945
image_1518.jpg,34.51955795288086
image_1519.jpg,21.670818328857422
image_152.jpg,2.2335398197174072
image_1520.jpg,23.38667106628418
image_1521.jpg,24.032520294189453
image_1522.jpg,49.38966751098633
image_1523.jpg,25.67388916015625
image_1524.jpg,76.0671157836914
image_1525.jpg,41.14466857910156
image_1526.jpg,8.029555320739746
image_1527.jpg,41.67953872680664
image_1528.jpg,56.324161529541016
image_1529.jpg,27.169950485229492
image_153.jpg,24.084697723388672
image_1530.jpg,31.482192993164062
image_1531.jpg,43.08860397338867
image_1532.jpg,47.13661575317383
image_1533.jpg,38.89600372314453
image_1534.jpg,53.41263198852539
image_1535.jpg,25.20399284362793
image_1536.jpg,17.742504119873047
image_1537.jpg,59.84898376464844
image_1538.jpg,34.92288589477539
image_1539.jpg,57.597782135009766
image_154.jpg,83.34825897216797
image_1540.jpg,1.138410210609436
image_1541.jpg,30.002750396728516
image_1542.jpg,74.48320007324219
image_1543.jpg,56.81282424926758
image_1544.jpg,20.113656997680664
image_1545.jpg,64.07563018798828
image_1546.jpg,29.448904037475586
image_1547.jpg,17.661691665649414
image_1548.jpg,33.16749572753906
image_1549.jpg,59.66985321044922
image_155.jpg,14.432785987854004
image_1550.jpg,15.934732437133789
image_1551.jpg,2.337820053100586
image_1552.jpg,58.32439041137695
image_1553.jpg,38.3143196105957
image_1554.jpg,33.182491302490234
image_1555.jpg,41.10432052612305
image_1556.jpg,17.28501319885254
image_1557.jpg,35.831787109375
image_1558.jpg,36.399227142333984
image_1559.jpg,19.8220157623291
image_156.jpg,63.69437789916992
image_1560.jpg,52.71815872192383
image_1561.jpg,37.30501174926758
image_1562.jpg,70.77257537841797
image_1563.jpg,61.540443420410156
image_1564.jpg,42.07551574707031
image_1565.jpg,5.73602819442749
image_1566.jpg,46.59695053100586
image_1567.jpg,57.76919937133789
image_1568.jpg,17.688323974609375
image_1569.jpg,23.388992309570312
image_157.jpg,41.637733459472656
image_1570.jpg,19.593551635742188
image_1571.jpg,21.37640953063965
image_1572.jpg,41.19927978515625
image_1573.jpg,0.977324366569519
image_1574.jpg,33.6884651184082
image_1575.jpg,61.6136589050293
image_1576.jpg,28.649919509887695
image_1577.jpg,17.44291114807129
image_1578.jpg,50.865135192871094
image_1579.jpg,8.957222938537598
image_158.jpg,27.76304817199707
image_1580.jpg,2.9855356216430664
image_1581.jpg,42.434959411621094
image_1582.jpg,68.06678009033203
image_1583.jpg,26.99142837524414
image_1584.jpg,5.670203685760498
image_1585.jpg,52.804012298583984
image_1586.jpg,72.44430541992188
image_1587.jpg,61.40236282348633
image_1588.jpg,23.81709098815918
image_1589.jpg,38.32329559326172
image_159.jpg,5.383961200714111
image_1590.jpg,38.25276565551758
image_1591.jpg,10.331622123718262
image_1592.jpg,12.060029029846191
image_1593.jpg,27.10929298400879
image_1594.jpg,33.41171646118164
image_1595.jpg,53.00247573852539
image_1596.jpg,20.108251571655273
image_1597.jpg,1.0798546075820923
image_1598.jpg,26.41252326965332
image_1599.jpg,59.38951110839844
image_16.jpg,55.78440856933594
image_160.jpg,7.262966632843018
image_1600.jpg,4.697710037231445
image_1601.jpg,14.706028938293457
image_1602.jpg,76.9541244506836
image_1603.jpg,59.898681640625
image_1604.jpg,56.27324676513672
image_1605.jpg,57.566795349121094
image_1606.jpg,61.34181213378906
image_1607.jpg,1.073951244354248
image_1608.jpg,26.92249298095703
image_1609.jpg,54.95610427856445
image_161.jpg,27.829782485961914
image_1610.jpg,79.74005126953125
image_1611.jpg,58.005165100097656
image_1612.jpg,72.2145767211914
image_1613.jpg,16.761354446411133
image_1614.jpg,51.05515670776367
image_1615.jpg,40.03431701660156
image_1616.jpg,16.559349060058594
image_1617.jpg,69.58184814453125
image_1618.jpg,36.16395950317383
image_1619.jpg,36.71503829956055
image_162.jpg,12.955382347106934
image_1620.jpg,67.21366882324219
image_1621.jpg,28.794109344482422
image_1622.jpg,72.75544738769531
image_1623.jpg,36.24842071533203
image_1624.jpg,52.462852478027344
image_1625.jpg,26.367202758789062
image_1626.jpg,44.60610580444336
image_1627.jpg,64.4484634399414
image_1628.jpg,46.68630599975586
image_1629.jpg,14.250322341918945
image_163.jpg,49.28453063964844
image_1630.jpg,2.385923147201538
image_1631.jpg,68.31471252441406
image_1632.jpg,73.2872314453125
image_1633.jpg,64.58113098144531
image_1634.jpg,45.81107711791992
image_1635.jpg,25.743011474609375
image_1636.jpg,60.99360656738281
image_1637.jpg,5.131893634796143
image_1638.jpg,23.95025062561035
image_1639.jpg,22.174484252929688
image_164.jpg,11.780852317810059
image_1640.jpg,28.648874282836914
image_1641.jpg,28.175703048706055
image_1642.jpg,9.015973091125488
image_1643.jpg,14.948976516723633
image_1644.jpg,57.74325942993164
image_1645.jpg,58.73836135864258
image_1646.jpg,9.424859046936035
image_1647.jpg,34.316246032714844
image_1648.jpg,77.73284912109375
image_1649.jpg,48.660797119140625
image_165.jpg,75.00797271728516
image_1650.jpg,12.66105842590332
image_1651.jpg,51.56665802001953
image_1652.jpg,8.341558456420898
image_1653.jpg,27.496902465820312
image_1654.jpg,32.35271072387695
image_1655.jpg,24.108474731445312
image_1656.jpg,23.39131736755371
image_1657.jpg,13.873106002807617
image_1658.jpg,59.71968460083008
image_1659.jpg,77.8158187866211
image_166.jpg,50.67036437988281
image_1660.jpg,46.956336975097656
image_1661.jpg,3.6688392162323
image_1662.jpg,36.91049575805664
image_1663.jpg,53.874202728271484
image_1664.jpg,9.23279857635498
image_1665.jpg,47.68439483642578
image_1666.jpg,38.63224792480469
image_1667.jpg,64.49048614501953
image_1668.jpg,47.49981689453125
image_1669.jpg,49.991607666015625
image_167.jpg,33.04090118408203
image_1670.jpg,58.486812591552734
image_1671.jpg,9.19861125946045
image_1672.jpg,39.18704605102539
image_1673.jpg,6.553410530090332
image_1674.jpg,60.077579498291016
image_1675.jpg,43.364620208740234
image_1676.jpg,53.410728454589844
image_1677.jpg,49.33720397949219
image_1678.jpg,31.316564559936523
image_1679.jpg,46.30070114135742
image_168.jpg,51.753814697265625
image_1680.jpg,33.617645263671875
image_1681.jpg,38.35462188720703
image_1682.jpg,49.02008819580078
image_1683.jpg,23.818912506103516
image_1684.jpg,6.663173675537109
image_1685.jpg,1.0994529724121094
image_1686.jpg,5.112475872039795
image_1687.jpg,48.92714309692383
image_1688.jpg,5.845402240753174
image_1689.jpg,37.29836654663086
image_169.jpg,6.918307781219482
image_1690.jpg,56.39560317993164
image_1691.jpg,45.40702438354492
image_1692.jpg,34.385833740234375
image_1693.jpg,17.386838912963867
image_1694.jpg,18.483699798583984
image_1695.jpg,30.70210838317871
image_1696.jpg,29.039485931396484
image_1697.jpg,67.96358489990234
image_1698.jpg,36.392208099365234
image_1699.jpg,74.32767486572266
image_17.jpg,81.98008728027344
image_170.jpg,39.31037139892578
image_1700.jpg,64.1020278930664
image_1701.jpg,56.88576889038086
image_1702.jpg,43.68887710571289
image_1703.jpg,44.79107666015625
image_1704.jpg,29.69589614868164
image_1705.jpg,31.20843505859375
image_1706.jpg,69.08657836914062
image_1707.jpg,3.2779886722564697
image_1708.jpg,1.0594937801361084
image_1709.jpg,53.058692932128906
image_171.jpg,63.6982307434082
image_1710.jpg,29.52454948425293
image_1711.jpg,63.08402633666992
image_1712.jpg,37.93402099609375
image_1713.jpg,76.01356506347656
image_1714.jpg,18.837993621826172
image_1715.jpg,37.670589447021484
image_1716.jpg,8.131129264831543
image_1717.jpg,13.98766803741455
image_1718.jpg,23.770822525024414
image_1719.jpg,76.1623764038086
image_172.jpg,67.53858947753906
image_1720.jpg,49.10662078857422
image_1721.jpg,48.364410400390625
image_1722.jpg,16.794097900390625
image_1723.jpg,3.117103338241577
image_1724.jpg,28.532493591308594
image_1725.jpg,8.684187889099121
image_1726.jpg,62.66179275512695
image_1727.jpg,64.48992156982422
image_1728.jpg,4.070833683013916
image_1729.jpg,63.17320251464844
image_173.jpg,24.283830642700195
image_1730.jpg,7.949545383453369
image_1731.jpg,13.807659149169922
image_1732.jpg,45.9047966003418
image_1733.jpg,31.645009994506836
image_1734.jpg,33.678890228271484
image_1735.jpg,28.590282440185547
image_1736.jpg,50.93136978149414
image_1737.jpg,5.75050687789917
image_1738.jpg,42.70855712890625
image_1739.jpg,28.518177032470703
image_174.jpg,15.030390739440918
image_1740.jpg,39.30342102050781
image_1741.jpg,14.533119201660156
image_1742.jpg,63.90226364135742
image_1743.jpg,4.283051490783691
image_1744.jpg,32.313297271728516
image_1745.jpg,42.383724212646484
image_1746.jpg,5.247096061706543
image_1747.jpg,25.24142837524414
image_1748.jpg,37.117164611816406
image_1749.jpg,4.747342586517334
image_175.jpg,24.210458755493164
image_1750.jpg,61.383731842041016
image_1751.jpg,36.28188705444336
image_1752.jpg,9.096795082092285
image_1753.jpg,42.039581298828125
image_1754.jpg,46.084529876708984
image_1755.jpg,67.12767791748047
image_1756.jpg,44.265869140625
image_1757.jpg,59.24306869506836
image_1758.jpg,48.544673919677734
image_1759.jpg,68.1349868774414
image_176.jpg,30.005096435546875
image_1760.jpg,81.9899673461914
image_1761.jpg,38.75906753540039
image_1762.jpg,30.295028686523438
image_1763.jpg,10.228514671325684
image_1764.jpg,17.598995208740234
image_1765.jpg,20.38292121887207
image_1766.jpg,64.2957992553711
image_1767.jpg,54.36818313598633
image_1768.jpg,45.431217193603516
image_1769.jpg,87.33041381835938
image_177.jpg,25.343881607055664
image_1770.jpg,64.3269271850586
image_1771.jpg,26.227907180786133
image_1772.jpg,25.240310668945312
image_1773.jpg,54.68712615966797
image_1774.jpg,69.77703857421875
image_1775.jpg,76.20977783203125
image_1776.jpg,4.976576805114746
image_1777.jpg,0.989877462387085
image_1778.jpg,43.37579345703125
image_1779.jpg,53.629600524902344
image_178.jpg,46.36102294921875
image_1780.jpg,8.059602737426758
image_1781.jpg,25.580785751342773
image_1782.jpg,23.92958641052246
image_1783.jpg,54.04462432861328
image_1784.jpg,51.73018264770508
image_1785.jpg,5.682988166809082
image_1786.jpg,1.3487342596054077
image_1787.jpg,59.157501220703125
image_1788.jpg,23.8700008392334
image_1789.jpg,68.91087341308594
image_179.jpg,46.11354446411133
image_1790.jpg,55.8798828125
image_1791.jpg,65.97032928466797
image_1792.jpg,61.35764694213867
image_1793.jpg,6.855031967163086
image_1794.jpg,75.92140197753906
image_1795.jpg,17.09305763244629
image_1796.jpg,47.0919303894043
image_1797.jpg,30.170215606689453
image_1798.jpg,27.181692123413086
image_1799.jpg,26.129369735717773
image_18.jpg,30.350433349609375
image_180.jpg,26.860048294067383
image_1800.jpg,46.758323669433594
image_1801.jpg,57.80946350097656
image_1802.jpg,34.63077926635742
image_1803.jpg,69.5632553100586
image_1804.jpg,41.15961837768555
image_1805.jpg,50.850852966308594
image_1806.jpg,63.438114166259766
image_1807.jpg,3.930309772491455
image_1808.jpg,18.16919708251953
image_1809.jpg,93.4070816040039
image_181.jpg,87.57463836669922
image_1810.jpg,31.658559799194336
image_1811.jpg,39.82788848876953
image_1812.jpg,68.01223754882812
image_1813.jpg,15.955013275146484
image_1814.jpg,23.814355850219727
image_1815.jpg,7.73789119720459
image_1816.jpg,28.328643798828125
image_1817.jpg,40.12030029296875
image_1818.jpg,15.262876510620117
image_1819.jpg,79.10812377929688
image_182.jpg,45.85858917236328
image_1820.jpg,59.60166931152344
image_1821.jpg,50.414344787597656
image_1822.jpg,63.56768798828125
image_1823.jpg,75.89789581298828
image_1824.jpg,17.037233352661133
image_1825.jpg,44.030242919921875
image_1826.jpg,18.79153060913086
image_1827.jpg,5.934426784515381
image_1828.jpg,63.4221305847168
image_1829.jpg,31.482746124267578
image_183.jpg,51.66949462890625
image_1830.jpg,15.059934616088867
image_1831.jpg,19.668745040893555
image_1832.jpg,71.5079345703125
image_1833.jpg,56.54017639160156
image_1834.jpg,42.56923294067383
image_1835.jpg,25.842315673828125
image_1836.jpg,24.675643920898438
image_1837.jpg,20.69935417175293
image_1838.jpg,65.793212890625
image_1839.jpg,40.0153923034668
image_184.jpg,66.57889556884766
image_1840.jpg,68.25532531738281
image_1841.jpg,1.8766403198242188
image_1842.jpg,34.85395050048828
image_1843.jpg,7.781613349914551
image_1844.jpg,47.75727462768555
image_1845.jpg,33.45542526245117
image_1846.jpg,54.88146209716797
image_1847.jpg,52.788482666015625
image_1848.jpg,36.670074462890625
image_1849.jpg,63.841983795166016
image_185.jpg,1.042442798614502
image_1850.jpg,63.17020034790039
image_1851.jpg,22.71266746520996
image_1852.jpg,32.97318649291992
image_1853.jpg,33.4831428527832
image_1854.jpg,62.455482482910156
image_1855.jpg,16.059589385986328
image_1856.jpg,63.067745208740234
image_1857.jpg,9.698675155639648
image_1858.jpg,22.133331298828125
image_1859.jpg,58.09900665283203
image_186.jpg,38.73950958251953
image_1860.jpg,37.029579162597656
image_1861.jpg,70.18648529052734
image_1862.jpg,54.92820739746094
image_1863.jpg,39.64047622680664
image_1864.jpg,46.69029998779297
image_1865.jpg,26.554916381835938
image_1866.jpg,60.02437973022461
image_1867.jpg,25.375993728637695
image_1868.jpg,42.21135711669922
image_1869.jpg,4.405956268310547
image_187.jpg,32.476043701171875
image_1870.jpg,33.30229187011719
image_1871.jpg,55.72719192504883
image_1872.jpg,53.38819122314453
image_1873.jpg,32.6452751159668
image_1874.jpg,44.4059944152832
image_1875.jpg,45.46033477783203
image_1876.jpg,23.743032455444336
image_1877.jpg,32.64122772216797
image_1878.jpg,55.280452728271484
image_1879.jpg,18.37032699584961
image_188.jpg,44.02080535888672
image_1880.jpg,25.24367332458496
image_1881.jpg,19.968856811523438
image_1882.jpg,52.48240661621094
image_1883.jpg,67.37081909179688
image_1884.jpg,33.07555389404297
image_1885.jpg,61.76803207397461
image_1886.jpg,62.889320373535156
image_1887.jpg,70.60337829589844
image_1888.jpg,69.67527770996094
image_1889.jpg,64.21987915039062
image_189.jpg,63.719451904296875
image_1890.jpg,32.770450592041016
image_1891.jpg,3.79008150100708
image_1892.jpg,8.9653902053833
image_1893.jpg,65.5777359008789
image_1894.jpg,48.82670593261719
image_1895.jpg,1.196157693862915
image_1896.jpg,75.87841033935547
image_1897.jpg,67.62764739990234
image_1898.jpg,58.38011169433594
image_1899.jpg,25.045743942260742
image_19.jpg,9.960143089294434
image_190.jpg,46.07365036010742
image_1900.jpg,65.11949920654297
image_1901.jpg,27.882658004760742
image_1902.jpg,49.75201416015625
image_1903.jpg,30.111000061035156
image_1904.jpg,25.86940574645996
image_1905.jpg,10.741640090942383
image_1906.jpg,54.28400802612305
image_1907.jpg,47.75640869140625
image_1908.jpg,75.36173248291016
image_1909.jpg,5.339852809906006
image_191.jpg,28.311805725097656
image_1910.jpg,34.27501678466797
image_1911.jpg,10.025548934936523
image_1912.jpg,1.016729712486267
image_1913.jpg,48.67041778564453
image_1914.jpg,32.22289276123047
image_1915.jpg,38.57451629638672
image_1916.jpg,36.56779479980469
image_1917.jpg,38.44139862060547
image_1918.jpg,32.6119499206543
image_1919.jpg,4.27557897567749
image_192.jpg,43.02898025512695
image_1920.jpg,43.8539924621582
image_1921.jpg,32.77153015136719
image_1922.jpg,52.761226654052734
image_1923.jpg,37.41061782836914
image_1924.jpg,59.100223541259766
image_1925.jpg,33.45463562011719
image_1926.jpg,25.008350372314453
image_1927.jpg,69.07257843017578
image_1928.jpg,33.60358428955078
image_1929.jpg,28.56239128112793
image_193.jpg,29.28497314453125
image_1930.jpg,73.43409729003906
image_1931.jpg,16.95449447631836
image_1932.jpg,13.346293449401855
image_1933.jpg,67.34822845458984
image_1934.jpg,59.97907257080078
image_1935.jpg,41.645294189453125
image_1936.jpg,7.194148063659668
image_1937.jpg,63.3909797668457
image_1938.jpg,31.12095832824707
image_1939.jpg,66.99514770507812
image_194.jpg,4.230588436126709
image_1940.jpg,64.11432647705078
image_1941.jpg,9.428606033325195
image_1942.jpg,1.0734540224075317
image_1943.jpg,7.971604347229004
image_1944.jpg,60.37939453125
image_1945.jpg,39.97037124633789
image_1946.jpg,28.854061126708984
image_1947.jpg,59.37767028808594
image_1948.jpg,42.95360565185547
image_1949.jpg,64.20088195800781
image_195.jpg,10.295772552490234
image_196.jpg,19.79914665222168
image_197.jpg,8.862433433532715
image_198.jpg,83.16700744628906
image_199.jpg,36.197975158691406
image_2.jpg,77.810791015625
image_20.jpg,79.45823669433594
image_200.jpg,15.664777755737305
image_201.jpg,79.55375671386719
image_202.jpg,51.777828216552734
image_203.jpg,66.97300720214844
image_204.jpg,25.592893600463867
image_205.jpg,63.430580139160156
image_206.jpg,27.560346603393555
image_207.jpg,59.93621826171875
image_208.jpg,25.129098892211914
image_209.jpg,28.439767837524414
image_21.jpg,13.54891300201416
image_210.jpg,52.793487548828125
image_211.jpg,59.115379333496094
image_212.jpg,54.18040466308594
image_213.jpg,32.06155776977539
image_214.jpg,44.22828674316406
image_215.jpg,34.514896392822266
image_216.jpg,41.40949249267578
image_217.jpg,40.397193908691406
image_218.jpg,67.18253326416016
image_219.jpg,9.446565628051758
image_22.jpg,39.0689697265625
image_220.jpg,44.54130554199219
image_221.jpg,29.862428665161133
image_222.jpg,23.2480525970459
image_223.jpg,69.00141906738281
image_224.jpg,24.396989822387695
image_225.jpg,60.09840774536133
image_226.jpg,65.10256958007812
image_227.jpg,89.20267486572266
image_228.jpg,66.3913345336914
image_229.jpg,45.53521728515625
image_23.jpg,35.76254653930664
image_230.jpg,59.5749626159668
image_231.jpg,46.46426773071289
image_232.jpg,76.22600555419922
image_233.jpg,46.03287124633789
image_234.jpg,39.48001480102539
image_235.jpg,41.22121047973633
image_236.jpg,76.0386962890625
image_237.jpg,64.88385772705078
image_238.jpg,28.952680587768555
image_239.jpg,9.332503318786621
image_24.jpg,47.58065414428711
image_240.jpg,46.4161262512207
image_241.jpg,41.676666259765625
image_242.jpg,28.81151008605957
image_243.jpg,24.162473678588867
image_244.jpg,19.47845458984375
image_245.jpg,28.467830657958984
image_246.jpg,55.76581954956055
image_247.jpg,46.27015686035156
image_248.jpg,1.009153962135315
image_249.jpg,37.05274963378906
image_25.jpg,66.33091735839844
image_250.jpg,38.911277770996094
image_251.jpg,25.9486141204834
image_252.jpg,7.708073616027832
image_253.jpg,28.34020233154297
image_254.jpg,19.788610458374023
image_255.jpg,49.71221923828125
image_256.jpg,13.683370590209961
image_257.jpg,37.220401763916016
image_258.jpg,49.2249755859375
image_259.jpg,64.37754821777344
image_26.jpg,38.64741897583008
image_260.jpg,39.35430908203125
image_261.jpg,30.217872619628906
image_262.jpg,16.68372917175293
image_263.jpg,25.889211654663086
image_264.jpg,25.654935836791992
image_265.jpg,46.51832962036133
image_266.jpg,45.514774322509766
image_267.jpg,6.902449131011963
image_268.jpg,25.20825958251953
image_269.jpg,66.29965209960938
image_27.jpg,8.025973320007324
image_270.jpg,12.804503440856934
image_271.jpg,7.931003093719482
image_272.jpg,63.536502838134766
image_273.jpg,32.496883392333984
image_274.jpg,67.11359405517578
image_275.jpg,20.21938705444336
image_276.jpg,31.87006950378418
image_277.jpg,25.256839752197266
image_278.jpg,16.552780151367188
image_279.jpg,38.44402313232422
image_28.jpg,6.717283725738525
image_280.jpg,43.177879333496094
image_281.jpg,52.54226303100586
image_282.jpg,6.824873447418213
image_283.jpg,38.819522857666016
image_284.jpg,68.6654052734375
image_285.jpg,43.68357849121094
image_286.jpg,20.931264877319336
image_287.jpg,19.613481521606445
image_288.jpg,48.07793426513672
image_289.jpg,38.48982238769531
image_29.jpg,25.376577377319336
image_290.jpg,52.749244689941406
image_291.jpg,25.085481643676758
image_292.jpg,1.0962867736816406
image_293.jpg,21.388519287109375
image_294.jpg,14.998784065246582
image_295.jpg,32.86410903930664
image_296.jpg,1.0266426801681519
image_297.jpg,40.7514533996582
image_298.jpg,16.164363861083984
image_299.jpg,27.72031593322754
image_3.jpg,59.71588134765625
image_30.jpg,61.43940734863281
image_300.jpg,27.309886932373047
image_301.jpg,14.455988883972168
image_302.jpg,73.64537811279297
image_303.jpg,77.54686737060547
image_304.jpg,53.4605712890625
image_305.jpg,57.21940994262695
image_306.jpg,34.6883430480957
image_307.jpg,58.18989181518555
image_308.jpg,60.76378631591797
image_309.jpg,24.872961044311523
image_31.jpg,7.888274669647217
image_310.jpg,8.803653717041016
image_311.jpg,38.03741455078125
image_312.jpg,34.62608337402344
image_313.jpg,36.94612503051758
image_314.jpg,53.80459976196289
image_315.jpg,30.394756317138672
image_316.jpg,43.03477478027344
image_317.jpg,62.7705192565918
image_318.jpg,12.338151931762695
image_319.jpg,69.14557647705078
image_32.jpg,67.8882064819336
image_320.jpg,42.817466735839844
image_321.jpg,56.37028503417969
image_322.jpg,62.06360626220703
image_323.jpg,36.782405853271484
image_324.jpg,36.22332763671875
image_325.jpg,66.9260482788086
image_326.jpg,70.5645980834961
image_327.jpg,72.2817153930664
image_328.jpg,57.591529846191406
image_329.jpg,23.26552391052246
image_33.jpg,23.968406677246094
image_330.jpg,65.2264404296875
image_331.jpg,51.4183349609375
image_332.jpg,65.92777252197266
image_333.jpg,1.0374208688735962
image_334.jpg,37.068023681640625
image_335.jpg,32.268524169921875
image_336.jpg,73.52606964111328
image_337.jpg,58.82926559448242
image_338.jpg,62.42860412597656
image_339.jpg,55.63574981689453
image_34.jpg,55.06928253173828
image_340.jpg,47.76892852783203
image_341.jpg,37.72427749633789
image_342.jpg,43.4702262878418
image_343.jpg,14.964218139648438
image_344.jpg,68.3273696899414
image_345.jpg,67.94912719726562
image_346.jpg,8.712386131286621
image_347.jpg,57.42898178100586
image_348.jpg,32.69861602783203
image_349.jpg,23.3676815032959
image_35.jpg,7.226195812225342
image_350.jpg,31.927030563354492
image_351.jpg,75.34115600585938
image_352.jpg,32.759212493896484
image_353.jpg,39.44867706298828
image_354.jpg,17.94217300415039
image_355.jpg,3.6963579654693604
image_356.jpg,33.60359191894531
image_357.jpg,6.526782512664795
image_358.jpg,35.902767181396484
image_359.jpg,75.15638732910156
image_36.jpg,33.88091278076172
image_360.jpg,19.354042053222656
image_361.jpg,40.020896911621094
image_362.jpg,60.31916046142578
image_363.jpg,54.291202545166016
image_364.jpg,9.357081413269043
image_365.jpg,54.88039779663086
image_366.jpg,27.40149688720703
image_367.jpg,44.17531967163086
image_368.jpg,56.11005783081055
image_369.jpg,55.57312774658203
image_37.jpg,47.606956481933594
image_370.jpg,24.4200382232666
image_371.jpg,57.9884147644043
image_372.jpg,53.12424087524414
image_373.jpg,32.73809814453125
image_374.jpg,34.95476150512695
image_375.jpg,9.768587112426758
image_376.jpg,66.53132629394531
image_377.jpg,11.49371337890625
image_378.jpg,73.99081420898438
image_379.jpg,57.22576141357422
image_38.jpg,10.512553215026855
image_380.jpg,50.31585693359375
image_381.jpg,42.914833068847656
image_382.jpg,17.729875564575195
image_383.jpg,71.09425354003906
image_384.jpg,29.62781524658203
image_385.jpg,68.68119812011719
image_386.jpg,46.40601348876953
image_387.jpg,16.920129776000977
image_388.jpg,31.770584106445312
image_389.jpg,0.9556506872177124
image_39.jpg,25.528545379638672
image_390.jpg,31.27960205078125
image_391.jpg,17.166725158691406
image_392.jpg,8.025537490844727
image_393.jpg,27.653043746948242
image_394.jpg,7.942553997039795
image_395.jpg,7.4067230224609375
image_396.jpg,31.584651947021484
image_397.jpg,16.820453643798828
image_398.jpg,13.558116912841797
image_399.jpg,36.64902877807617
image_4.jpg,32.385528564453125
image_40.jpg,73.24674987792969
image_400.jpg,55.4090690612793
image_401.jpg,54.444496154785156
image_402.jpg,29.833166122436523
image_403.jpg,50.91460037231445
image_404.jpg,64.0504379272461
image_405.jpg,30.20638084411621
image_406.jpg,31.416946411132812
image_407.jpg,5.477289199829102
image_408.jpg,42.72757339477539
image_409.jpg,26.37143325805664
image_41.jpg,72.65333557128906
image_410.jpg,82.8277587890625
image_411.jpg,24.73688316345215
image_412.jpg,25.65717887878418
image_413.jpg,48.57350158691406
image_414.jpg,74.19527435302734
image_415.jpg,15.413300514221191
image_416.jpg,56.324378967285156
image_417.jpg,31.955171585083008
image_418.jpg,24.775772094726562
image_419.jpg,12.486379623413086
image_42.jpg,55.95896530151367
image_420.jpg,1.0317656993865967
image_421.jpg,4.1075286865234375
image_422.jpg,25.164018630981445
image_423.jpg,1.0880247354507446
image_424.jpg,62.04485321044922
image_425.jpg,7.3785505294799805
image_426.jpg,64.41567993164062
image_427.jpg,24.60659408569336
image_428.jpg,42.515480041503906
image_429.jpg,26.064449310302734
image_43.jpg,66.26853942871094
image_430.jpg,24.355627059936523
image_431.jpg,22.63163948059082
image_432.jpg,79.8458251953125
image_433.jpg,38.59321212768555
image_434.jpg,79.07731628417969
image_435.jpg,25.539936065673828
image_436.jpg,71.21089935302734
image_437.jpg,30.18985939025879
image_438.jpg,65.19563293457031
image_439.jpg,15.741259574890137
image_44.jpg,42.75562286376953
image_440.jpg,32.00327682495117
image_441.jpg,20.54543685913086
image_442.jpg,34.112667083740234
image_443.jpg,13.926051139831543
image_444.jpg,60.500732421875
image_445.jpg,19.17393684387207
image_446.jpg,12.650790214538574
image_447.jpg,56.6964225769043
image_448.jpg,26.729393005371094
image_449.jpg,56.95562744140625
image_45.jpg,67.88180541992188
image_450.jpg,56.88417434692383
image_451.jpg,37.11246871948242
image_452.jpg,65.93290710449219
image_453.jpg,18.413331985473633
image_454.jpg,41.105812072753906
image_455.jpg,25.162364959716797
image_456.jpg,41.031925201416016
image_457.jpg,37.326416015625
image_458.jpg,30.6981143951416
image_459.jpg,1.45330810546875
image_46.jpg,29.121217727661133
image_460.jpg,29.237640380859375
image_461.jpg,29.925479888916016
image_462.jpg,60.31272888183594
image_463.jpg,15.636760711669922
image_464.jpg,1.5414073467254639
image_465.jpg,77.99266815185547
image_466.jpg,43.83439636230469
image_467.jpg,82.92950439453125
image_468.jpg,60.908546447753906
image_469.jpg,41.9467887878418
image_47.jpg,73.13445281982422
image_470.jpg,23.7420711517334
image_471.jpg,25.48517608642578
image_472.jpg,47.36663818359375
image_473.jpg,17.295635223388672
image_474.jpg,41.3211669921875
image_475.jpg,21.651714324951172
image_476.jpg,78.9505386352539
image_477.jpg,29.252689361572266
image_478.jpg,1.1420084238052368
image_479.jpg,1.0190790891647339
image_48.jpg,30.711917877197266
image_480.jpg,44.62961196899414
image_481.jpg,29.827144622802734
image_482.jpg,58.600830078125
image_483.jpg,22.01261329650879
image_484.jpg,9.963339805603027
image_485.jpg,58.03448486328125
image_486.jpg,38.6735725402832
image_487.jpg,8.179640769958496
image_488.jpg,36.74971389770508
image_489.jpg,68.13101959228516
image_49.jpg,5.323535442352295
image_490.jpg,16.256181716918945
image_491.jpg,69.24732971191406
image_492.jpg,70.84242248535156
image_493.jpg,63.58452606201172
image_494.jpg,23.560420989990234
image_495.jpg,45.58042907714844
image_496.jpg,31.615509033203125
image_497.jpg,17.995100021362305
image_498.jpg,24.1473331451416
image_499.jpg,42.370819091796875
image_5.jpg,67.17822265625
image_50.jpg,45.47720718383789
image_500.jpg,2.8329670429229736
image_501.jpg,68.50634765625
image_502.jpg,82.578125
image_503.jpg,38.587547302246094
image_504.jpg,37.39458465576172
image_505.jpg,60.410606384277344
image_506.jpg,32.12922286987305
image_507.jpg,21.587953567504883
image_508.jpg,34.13169479370117
image_509.jpg,54.81924819946289
image_51.jpg,25.16979217529297
image_510.jpg,91.23507690429688
image_511.jpg,21.703554153442383
image_512.jpg,55.931400299072266
image_513.jpg,1.0228005647659302
image_514.jpg,22.199378967285156
image_515.jpg,23.922504425048828
image_516.jpg,46.876914978027344
image_517.jpg,18.495906829833984
image_518.jpg,7.353359222412109
image_519.jpg,69.26094055175781
image_52.jpg,29.08836555480957
image_520.jpg,1.032602310180664
image_521.jpg,3.0775978565216064
image_522.jpg,87.40751647949219
image_523.jpg,68.56452941894531
image_524.jpg,27.531890869140625
image_525.jpg,25.975078582763672
image_526.jpg,17.376955032348633
image_527.jpg,66.28270721435547
image_528.jpg,42.14588165283203
image_529.jpg,41.5237922668457
image_53.jpg,39.355682373046875
image_530.jpg,70.12654876708984
image_531.jpg,54.221092224121094
image_532.jpg,51.8527717590332
image_533.jpg,15.599085807800293
image_534.jpg,27.254779815673828
image_535.jpg,61.197837829589844
image_536.jpg,34.58015060424805
image_537.jpg,40.535491943359375
image_538.jpg,32.110801696777344
image_539.jpg,47.38943862915039
image_54.jpg,5.645284175872803
image_540.jpg,47.9914436340332
image_541.jpg,68.85462188720703
image_542.jpg,7.888332366943359
image_543.jpg,50.928768157958984
image_544.jpg,57.5067138671875
image_545.jpg,7.154542446136475
image_546.jpg,61.395904541015625
image_547.jpg,23.770299911499023
image_548.jpg,9.546998023986816
image_549.jpg,39.82345199584961
image_55.jpg,30.8477783203125
image_550.jpg,70.0969009399414
image_551.jpg,68.94888305664062
image_552.jpg,27.763731002807617
image_553.jpg,36.97927474975586
image_554.jpg,43.27406692504883
image_555.jpg,80.71575927734375
image_556.jpg,1.3270341157913208
image_557.jpg,64.55247497558594
image_558.jpg,39.619930267333984
image_559.jpg,60.76850128173828
image_56.jpg,25.13027000427246
image_560.jpg,46.69205856323242
image_561.jpg,56.79176330566406
image_562.jpg,25.6955623626709
image_563.jpg,48.61507034301758
image_564.jpg,4.726574420928955
image_565.jpg,43.43846130371094
image_566.jpg,15.595508575439453
image_567.jpg,74.7831039428711
image_568.jpg,39.29643630981445
image_569.jpg,4.193828582763672
image_57.jpg,33.324825286865234
image_570.jpg,13.183219909667969
image_571.jpg,27.38202667236328
image_572.jpg,52.43115234375
image_573.jpg,25.199186325073242
image_574.jpg,57.16459274291992
image_575.jpg,32.701820373535156
image_576.jpg,41.904972076416016
image_577.jpg,45.36791229248047
image_578.jpg,47.320404052734375
image_579.jpg,65.30199432373047
image_58.jpg,9.47777271270752
image_580.jpg,79.0822525024414
image_581.jpg,40.30817794799805
image_582.jpg,74.75090789794922
image_583.jpg,10.629829406738281
image_584.jpg,56.53266143798828
image_585.jpg,22.273183822631836
image_586.jpg,48.58620071411133
image_587.jpg,43.34615707397461
image_588.jpg,64.76435852050781
image_589.jpg,51.95176696777344
image_59.jpg,53.52653884887695
image_590.jpg,19.17298698425293
image_591.jpg,55.91063690185547
image_592.jpg,66.35836791992188
image_593.jpg,31.48638343811035
image_594.jpg,73.6085433959961
image_595.jpg,26.540807723999023
image_596.jpg,42.84178161621094
image_597.jpg,55.133262634277344
image_598.jpg,61.228641510009766
image_599.jpg,68.97472381591797
image_6.jpg,16.149656295776367
image_60.jpg,38.85215377807617
image_600.jpg,39.149600982666016
image_601.jpg,26.037918090820312
image_602.jpg,64.89949798583984
image_603.jpg,75.13658142089844
image_604.jpg,60.03350067138672
image_605.jpg,45.38400650024414
image_606.jpg,9.177807807922363
image_607.jpg,46.69074249267578
image_608.jpg,52.87226867675781
image_609.jpg,31.892942428588867
image_61.jpg,46.04644775390625
image_610.jpg,37.82329177856445
image_611.jpg,54.269718170166016
image_612.jpg,14.011929512023926
image_613.jpg,71.26187896728516
image_614.jpg,33.97047424316406
image_615.jpg,56.08925247192383
image_616.jpg,47.97892761230469
image_617.jpg,60.9096794128418
image_618.jpg,53.046871185302734
image_619.jpg,35.18585205078125
image_62.jpg,27.39821434020996
image_620.jpg,8.58633804321289
image_621.jpg,32.88714599609375
image_622.jpg,27.19457244873047
image_623.jpg,10.160155296325684
image_624.jpg,12.268479347229004
image_625.jpg,77.46292877197266
image_626.jpg,1.0308483839035034
image_627.jpg,57.443363189697266
image_628.jpg,10.262819290161133
image_629.jpg,44.87678146362305
image_63.jpg,62.68888473510742
image_630.jpg,45.471126556396484
image_631.jpg,1.080443024635315
image_632.jpg,23.531831741333008
image_633.jpg,38.336830139160156
image_634.jpg,22.834131240844727
image_635.jpg,22.755035400390625
image_636.jpg,33.83106994628906
image_637.jpg,24.642929077148438
image_638.jpg,50.088497161865234
image_639.jpg,41.55723571777344
image_64.jpg,30.36869239807129
image_640.jpg,39.963008880615234
image_641.jpg,28.248931884765625
image_642.jpg,30.44276237487793
image_643.jpg,1.014991283416748
image_644.jpg,11.869718551635742
image_645.jpg,62.73350143432617
image_646.jpg,72.73086547851562
image_647.jpg,77.6811294555664
image_648.jpg,25.246402740478516
image_649.jpg,21.827299118041992
image_65.jpg,23.509004592895508
image_650.jpg,0.9986408948898315
image_651.jpg,40.29877853393555
image_652.jpg,51.09617233276367
image_653.jpg,30.45892333984375
image_654.jpg,22.880186080932617
image_655.jpg,41.772705078125
image_656.jpg,54.17981719970703
image_657.jpg,59.685543060302734
image_658.jpg,35.25196075439453
image_659.jpg,2.2247023582458496
image_66.jpg,57.878257751464844
image_660.jpg,6.544577598571777
image_661.jpg,68.91014862060547
image_662.jpg,27.551380157470703
image_663.jpg,24.372325897216797
image_664.jpg,25.650657653808594
image_665.jpg,26.19550323486328
image_666.jpg,18.44548797607422
image_667.jpg,60.11262512207031
image_668.jpg,50.378936767578125
image_669.jpg,44.81168746948242
image_67.jpg,27.177949905395508
image_670.jpg,23.761463165283203
image_671.jpg,31.60236930847168
image_672.jpg,35.56184387207031
image_673.jpg,52.358150482177734
image_674.jpg,55.67662048339844
image_675.jpg,2.0713677406311035
image_676.jpg,16.31403160095215
image_677.jpg,85.10488891601562
image_678.jpg,60.04174041748047
image_679.jpg,14.836692810058594
image_68.jpg,62.16501235961914
image_680.jpg,12.542572975158691
image_681.jpg,30.92650604248047
image_682.jpg,29.19110679626465
image_683.jpg,68.43255615234375
image_684.jpg,42.623104095458984
image_685.jpg,49.691795349121094
image_686.jpg,60.8787956237793
image_687.jpg,34.436187744140625
image_688.jpg,38.448265075683594
image_689.jpg,55.492252349853516
image_69.jpg,26.360408782958984
image_690.jpg,39.26510238647461
image_691.jpg,10.831027030944824
image_692.jpg,62.68705749511719
image_693.jpg,70.11305236816406
image_694.jpg,39.68375015258789
image_695.jpg,7.604005813598633
image_696.jpg,43.35396957397461
image_697.jpg,34.317481994628906
image_698.jpg,83.7098617553711
image_699.jpg,55.902610778808594
image_7.jpg,62.20613098144531
image_70.jpg,9.312697410583496
image_700.jpg,6.8537917137146
image_701.jpg,19.79757308959961
image_702.jpg,20.565366744995117
image_703.jpg,46.85771179199219
image_704.jpg,32.289520263671875
image_705.jpg,74.75565338134766
image_706.jpg,26.769025802612305
image_707.jpg,4.574202537536621
image_708.jpg,22.552562713623047
image_709.jpg,8.82284164428711
image_71.jpg,31.208742141723633
image_710.jpg,8.893853187561035
image_711.jpg,64.67034149169922
image_712.jpg,57.8863525390625
image_713.jpg,45.49468231201172
image_714.jpg,64.18856811523438
image_715.jpg,58.308326721191406
image_716.jpg,7.2478861808776855
image_717.jpg,66.66864776611328
image_718.jpg,24.709430694580078
image_719.jpg,21.487483978271484
image_72.jpg,21.235261917114258
image_720.jpg,53.555511474609375
image_721.jpg,60.10318374633789
image_722.jpg,13.043868064880371
image_723.jpg,41.64278793334961
image_724.jpg,27.432723999023438
image_725.jpg,32.077999114990234
image_726.jpg,36.98774337768555
image_727.jpg,49.66644287109375
image_728.jpg,49.52485275268555
image_729.jpg,16.563417434692383
image_73.jpg,63.864070892333984
image_730.jpg,30.3597412109375
image_731.jpg,61.929840087890625
image_732.jpg,14.834601402282715
image_733.jpg,28.65345001220703
image_734.jpg,70.90752410888672
image_735.jpg,26.757863998413086
image_736.jpg,40.34980010986328
image_737.jpg,24.050859451293945
image_738.jpg,25.703929901123047
image_739.jpg,68.77091979980469
image_74.jpg,15.76745891571045
image_740.jpg,41.1309928894043
image_741.jpg,5.633686065673828
image_742.jpg,47.439998626708984
image_743.jpg,44.3433723449707
image_744.jpg,36.97440719604492
image_745.jpg,62.56959915161133
image_746.jpg,23.908113479614258
image_747.jpg,55.633480072021484
image_748.jpg,15.14920711517334
image_749.jpg,57.629058837890625
image_75.jpg,1.235352635383606
image_750.jpg,23.99275016784668
image_751.jpg,5.57488489151001
image_752.jpg,30.324548721313477
image_753.jpg,24.822792053222656
image_754.jpg,38.722068786621094
image_755.jpg,68.09137725830078
image_756.jpg,47.6275634765625
image_757.jpg,7.371461391448975
image_758.jpg,33.64799880981445
image_759.jpg,26.569965362548828
image_76.jpg,66.26356506347656
image_760.jpg,28.84750747680664
image_761.jpg,43.51839828491211
image_762.jpg,45.337398529052734
image_763.jpg,61.485931396484375
image_764.jpg,27.147727966308594
image_765.jpg,57.04814910888672
image_766.jpg,42.45700454711914
image_767.jpg,42.12324142456055
image_768.jpg,39.63663864135742
image_769.jpg,73.64053344726562
image_77.jpg,8.35934829711914
image_770.jpg,44.0003776550293
image_771.jpg,9.508451461791992
image_772.jpg,88.02275848388672
image_773.jpg,29.509986877441406
image_774.jpg,39.77350997924805
image_775.jpg,44.58902359008789
image_776.jpg,21.457582473754883
image_777.jpg,61.71232986450195
image_778.jpg,15.755182266235352
image_779.jpg,53.654354095458984
image_78.jpg,87.79795837402344
image_780.jpg,26.770580291748047
image_781.jpg,25.0065975189209
image_782.jpg,16.891708374023438
image_783.jpg,1.7598761320114136
image_784.jpg,38.12940979003906
image_785.jpg,51.75973129272461
image_786.jpg,51.119346618652344
image_787.jpg,69.97804260253906
image_788.jpg,76.49583435058594
image_789.jpg,64.31843566894531
image_79.jpg,41.16084289550781
image_790.jpg,36.72398376464844
image_791.jpg,44.96494674682617
image_792.jpg,25.393932342529297
image_793.jpg,25.483627319335938
image_794.jpg,5.880453109741211
image_795.jpg,1.0414568185806274
image_796.jpg,27.344518661499023
image_797.jpg,80.51821899414062
image_798.jpg,61.307098388671875
image_799.jpg,12.752969741821289
image_8.jpg,36.72465896606445
image_80.jpg,26.7509765625
image_800.jpg,63.850425720214844
image_801.jpg,50.8690185546875
image_802.jpg,60.874881744384766
image_803.jpg,40.32870101928711
image_804.jpg,26.642141342163086
image_805.jpg,29.853513717651367
image_806.jpg,22.25447654724121
image_807.jpg,35.903900146484375
image_808.jpg,56.73663330078125
image_809.jpg,72.3556900024414
image_81.jpg,70.40308380126953
image_810.jpg,5.884743690490723
image_811.jpg,47.2144889831543
image_812.jpg,63.028411865234375
image_813.jpg,8.978622436523438
image_814.jpg,39.663612365722656
image_815.jpg,15.072750091552734
image_816.jpg,26.416027069091797
image_817.jpg,35.51070022583008
image_818.jpg,54.64139175415039
image_819.jpg,74.30440521240234
image_82.jpg,57.108455657958984
image_820.jpg,28.420913696289062
image_821.jpg,50.723777770996094
image_822.jpg,22.73423957824707
image_823.jpg,57.20109939575195
image_824.jpg,46.03091812133789
image_825.jpg,13.059797286987305
image_826.jpg,59.156959533691406
image_827.jpg,41.88746643066406
image_828.jpg,49.98236846923828
image_829.jpg,26.277130126953125
image_83.jpg,21.483266830444336
image_830.jpg,1.0434194803237915
image_831.jpg,1.0143020153045654
image_832.jpg,17.57725715637207
image_833.jpg,0.9721105098724365
image_834.jpg,79.1834716796875
image_835.jpg,12.94364070892334
image_836.jpg,25.47209930419922
image_837.jpg,4.794483184814453
image_838.jpg,57.5865478515625
image_839.jpg,6.949249267578125
image_84.jpg,47.96126174926758
image_840.jpg,5.143693923950195
image_841.jpg,51.54618835449219
image_842.jpg,26.894678115844727
image_843.jpg,66.8231201171875
image_844.jpg,37.257667541503906
image_845.jpg,19.149707794189453
image_846.jpg,1.0555351972579956
image_847.jpg,1.0491522550582886
image_848.jpg,46.16447067260742
image_849.jpg,28.35553741455078
image_85.jpg,6.493546962738037
image_850.jpg,19.18975067138672
image_851.jpg,43.85199737548828
image_852.jpg,65.79588317871094
image_853.jpg,23.80885887145996
image_854.jpg,60.144752502441406
image_855.jpg,46.617393493652344
image_856.jpg,40.365081787109375
image_857.jpg,69.11312866210938
image_858.jpg,24.7891845703125
image_859.jpg,36.469181060791016
image_86.jpg,18.60321044921875
image_860.jpg,68.43255615234375
image_861.jpg,18.193052291870117
image_862.jpg,14.768117904663086
image_863.jpg,38.124267578125
image_864.jpg,15.745491981506348
image_865.jpg,18.17246437072754
image_866.jpg,26.184356689453125
image_867.jpg,74.55411529541016
image_868.jpg,47.95986557006836
image_869.jpg,49.29713439941406
image_87.jpg,55.421566009521484
image_870.jpg,27.535781860351562
image_871.jpg,45.459983825683594
image_872.jpg,62.4702033996582
image_873.jpg,77.3468246459961
image_874.jpg,53.19227981567383
image_875.jpg,59.72185134887695
image_876.jpg,33.789485931396484
image_877.jpg,12.702176094055176
image_878.jpg,30.96684455871582
image_879.jpg,35.023963928222656
image_88.jpg,86.44915771484375
image_880.jpg,61.790985107421875
image_881.jpg,76.26138305664062
image_882.jpg,50.441200256347656
image_883.jpg,74.96136474609375
image_884.jpg,59.996673583984375
image_885.jpg,58.25123596191406
image_886.jpg,34.85173797607422
image_887.jpg,26.55820083618164
image_888.jpg,31.759170532226562
image_889.jpg,29.74738121032715
image_89.jpg,13.668516159057617
image_890.jpg,64.56178283691406
image_891.jpg,36.666900634765625
image_892.jpg,32.339874267578125
image_893.jpg,29.40866470336914
image_894.jpg,34.953399658203125
image_895.jpg,55.57387924194336
image_896.jpg,1.1582670211791992
image_897.jpg,29.561418533325195
image_898.jpg,39.05967712402344
image_899.jpg,52.77374267578125
image_9.jpg,9.694361686706543
image_90.jpg,44.32904815673828
image_900.jpg,24.549440383911133
image_901.jpg,29.25419807434082
image_902.jpg,55.72339630126953
image_903.jpg,45.42530059814453
image_904.jpg,53.91332244873047
image_905.jpg,35.82807540893555
image_906.jpg,46.6036376953125
image_907.jpg,25.874128341674805
image_908.jpg,35.96180725097656
image_909.jpg,26.606487274169922
image_91.jpg,76.3786849975586
image_910.jpg,46.85985565185547
image_911.jpg,27.335248947143555
image_912.jpg,66.08972930908203
image_913.jpg,31.855287551879883
image_914.jpg,46.93446731567383
image_915.jpg,48.27677536010742
image_916.jpg,33.80859375
image_917.jpg,61.452999114990234
image_918.jpg,29.935842514038086
image_919.jpg,66.1881332397461
image_92.jpg,67.742431640625
image_920.jpg,32.0325813293457
image_921.jpg,24.605512619018555
image_922.jpg,26.373565673828125
image_923.jpg,26.419668197631836
image_924.jpg,43.83010482788086
image_925.jpg,34.819969177246094
image_926.jpg,52.11843490600586
image_927.jpg,28.847736358642578
image_928.jpg,80.1137924194336
image_929.jpg,59.000701904296875
image_93.jpg,10.340944290161133
image_930.jpg,8.827096939086914
image_931.jpg,32.69048309326172
image_932.jpg,26.644662857055664
image_933.jpg,74.28428649902344
image_934.jpg,25.977807998657227
image_935.jpg,12.85714340209961
image_936.jpg,60.746707916259766
image_937.jpg,83.28559875488281
image_938.jpg,57.812217712402344
image_939.jpg,38.283973693847656
image_94.jpg,26.784547805786133
image_940.jpg,16.491756439208984
image_941.jpg,35.33780288696289
image_942.jpg,0.9772939682006836
image_943.jpg,6.3697052001953125
image_944.jpg,61.16393280029297
image_945.jpg,70.31535339355469
image_946.jpg,16.012012481689453
image_947.jpg,48.08921432495117
image_948.jpg,39.59599685668945
image_949.jpg,15.974055290222168
image_95.jpg,12.952229499816895
image_950.jpg,57.179996490478516
image_951.jpg,60.02082061767578
image_952.jpg,47.43645095825195
image_953.jpg,2.641636848449707
image_954.jpg,1.180189847946167
image_955.jpg,54.846038818359375
image_956.jpg,39.5563850402832
image_957.jpg,56.90772247314453
image_958.jpg,30.039518356323242
image_959.jpg,6.133019924163818
image_96.jpg,1.1090927124023438
image_960.jpg,34.06501388549805
image_961.jpg,60.22840118408203
image_962.jpg,24.908674240112305
image_963.jpg,56.94872283935547
image_964.jpg,1.8520704507827759
image_965.jpg,6.9200520515441895
image_966.jpg,14.971537590026855
image_967.jpg,51.214805603027344
image_968.jpg,37.07184982299805
image_969.jpg,21.29965591430664
image_97.jpg,30.06365394592285
image_970.jpg,10.73652458190918
image_971.jpg,6.985935211181641
image_972.jpg,61.47943115234375
image_973.jpg,25.182586669921875
image_974.jpg,5.830992698669434
image_975.jpg,24.527610778808594
image_976.jpg,8.237534523010254
image_977.jpg,26.34469985961914
image_978.jpg,37.869842529296875
image_979.jpg,64.64776611328125
image_98.jpg,5.933315277099609
image_980.jpg,66.84919738769531
image_981.jpg,50.871986389160156
image_982.jpg,10.978753089904785
image_983.jpg,22.034578323364258
image_984.jpg,62.669036865234375
image_985.jpg,55.91908645629883
image_986.jpg,65.69647979736328
image_987.jpg,3.887293577194214
image_988.jpg,5.652228832244873
image_989.jpg,41.261024475097656
image_99.jpg,4.07700252532959
image_990.jpg,31.494478225708008
image_991.jpg,51.57588577270508
image_992.jpg,25.53713035583496
image_993.jpg,56.746192932128906
image_994.jpg,54.502315521240234
image_995.jpg,1.0508564710617065
image_996.jpg,36.54124069213867
image_997.jpg,32.495052337646484
image_998.jpg,5.908300399780273
image_999.jpg,46.32470703125
